Name,Sequence
12RU036_Pleurobrachia_Ribo-Repeat,AAACGAATGGAGCCAGCAAGGCATCCTGTTTGATTCAGCCGGTGGCCGGTAGCCCCCGTCCTACAGTGATCTTCGGACTCATGTGGGAGACGGCGTTGCTGGTTGCCGTGTGCACTTATTCAGGATGCGTGCCAACTTGGCTTGGTGACGGTCAACACGGTCGTATGGGAAGGTAGCTCTCTTCGGGGAGTATTATAGCCCTTCGTCCCGGATCGTCGCCGAGTGAGGTGTTGCGGTACGTGCCTCTTTTGGCTTGGGCCTCGTTGGTGGTCTGTCACGCCTAGTGTTGACTGCACGCAGTGAGCATTGGGTCGATGGCCGGCTGCCGGTGGGTGTCCCGTACACGTGCCTAGGAAGTTGGCGTGCAAATGGCTTCATCCGACC
USNM1423214_Hormiphora_californiensis_Ribo-Repeat,AAACGAATGGAGCCAGCAAGGCATCCTGTTTGATTCAGCCGGTGGCCGGTAGCCCCCGTCCTACAGTGATCTTCGGACTCATGTGGGAGACGGCGTTGCTGGTTGCCGTGTGCACTTATTCAGGATGCGTGCCAACTTGGCTTGGTGACGGTCAACACGGTCGTATGGGAAGGTAGCTCTCCTCGGGGAGTATTATAGCCCTTCGTCCCGGATCGTCGCCGAGTGAGGTGTTGCGGTACGTGCCTCTTTTGGCTTGGGCCTCGTTGGTGGTCTGTCACGCCTAGTGTTGACTGCACGCAGTGAGCATTGGGTCGATGGCCGGCTGCCGGTGGGTGTCCCGTACACGTGCCTAGGAAGTTGGCGTGCAAATGGCTTCATCCGACC
USNM1423220_Hormiphora_californiensis_S34_Ribo-Repeat,AAACGAATGGAGCCAGCAAGGCATCCTGTTTGATTCAGCCGGTGGCCGGTAGCCCCCGTCCTACAGTGATCTTCGGACTCATGTGGGAGACGGCGTTGCTGGTTGCCGTGTGCACTTATTCAGGATGCGTGCCAACTTGGCTTGGTGACGGTCAACACGGTCGTATGGGAAGGTAGCTCTCCTCGGGGAGTATTATAGCCCTTCGTCCCGGATCGTCGCCGAGTGAGGTGTTGCGGTACGTGCCTCTTTTGGCTTGGGCCTCGTTGGTGGTCTGTCACGCCTAGTGTTGACTGCACGCAGTGAGCATTGGGTCGATGGCCGGCTGCCGGTGGGTGTCCCGTACACGTGCCTAGGAAGTTGGCGTGCAAATGGCTTCATCCGACC
SRR5892572_Pukia-falcata_Ribo-Repeat,AAACGAATGGAGCCAGCAAGGCATCTCGTTTGATTCAACCGGTGGCCGGTAGCCCCCGTCTCACAGTGATCCGTATGGACTCGTGTGGGGGAGGGCGTTGCCGGTTGCCGTGTGCACTTATTCGGGATGCGTGCCAACTTGGCTTGGTGACCGTCAATACGGTCAAGCGGGAAGGTAGCTCTCCTCGGGGAGTATTATAGCCCGTTTGTCCCGGATGGTGACCGAGTGAGGTGTGTTGCGGTACGTGCCTCCTCGTGGGGCTTGGGCCTCCTTGGTGGTCTGTCACGCCTAGTGTTGACTGCACGCAGTGAGCATTGGGTCGATGGCCGGCTGCCGGGGGGTGTCCCGTACACGTGCCTAGGAAGTTGGCGTGCAAATGGCTTCATCCGACC
AGC22-007_Beroe-abyssicola-sp3round_Ribo-Repeat,AAGCGAATGGAGCCAGCAAGGCACCCGGTTTGATTCAGCCGGTGGTCGTCGGCCCCCAGCTGTGGAGATCTTTTGACTCTTCGGTTGTCGGCGTCGTTGATTGCCGTGTGCACTTATTCCGGGTGCGTGCCAACTTGGCTTGGTGACGGTCAATACGGGCGGATGGGAAGGTACCTTTCTTCGGGGAGTGTTATAGCCCTTCGTCCCAGATCGTCGTCGAGTGAGGTGTCGCGGTACGTGCTCTTTAGGGCTTAGGACCTCGTGGATCGTCGGTTGCGCCTTCTGTTGACTGCACGCAGTGAGCGGAGGGACGACGGCAGGCTTTCCGTGTGTGTTCCGTATACGTGCCTAGGAAGTTGGCGTGCAAATGGCTTTATCCGACC
AGC22-008_Beroe-abyssicola-spA_Ribo-Repeat,AAGCGAATGGAGCCAGCAAGGCACCCGGTTTGATTCAGCCGGTGGTCGTCGGCCCCCAGCTGTGGAGATCTTTTGACTCTTCGGTTGTCGGCGTCGTTGATTGCCGTGTGCACTTATTCCGGGTGCGTGCCAACTTGGCTTGGTGACGGTCAATACGGGCGGATGGGAAGGTACCTTTCTTCGGGGAGTGTTATAGCCCTTCGTCCCAGATCGTCGTCGAGTGAGGTGTCGCGGTACGTGCTCTTTAGGGCTTAGGACCTCGTGGATCGTCGGTTGCGCCTTCTGTTGACTGCACGCAGTGAGCGGAGGGACGACGGCAGGCTTTCCGTGTGTGTTCCGTATACGTGCCTAGGAAGTTGGCGTGCAAATGGCTTTATCCGACC
AGC22-009_Beroe-abyssicola-spC_Ribo-Repeat,AAGCGAATGGAGCCAGCAAGGCACCCGGTTTGATTCAGCCGGTGGTCGTCGGCCCCCAGCTGTGGAGATCTTTTGACTCTTCGGTTGTCGGCGTCGTTGATTGCCGTGTGCACTTATTCCGGGTGCGTGCCAACTTGGCTTGGTGACGGTCAATACGGGCGGATGGGAAGGTACCTTTCTTCGGGGAGTGTTATAGCCCTTCGTCCCAGATCGTCGTCGAGTGAGGTGTCGCGGTACGTGCTCTTTAGGGCTTAGGACCTCGTGGATCGTCGGTTGCGCCTTCTGTTGACTGCACGCAGTGAGCGGAGGGACGACGGCAGGCTTTCCGTGTGTGTTCCGTATACGTGCCTAGGAAGTTGGCGTGCAAATGGCTTTATCCGACC
SQ19_16S_847E_Beroe_Ribo-Repeat,AAGCGAATGGAGCCAGCAAGGCACCCGGTTTGATTCAGCCGGTGGTCGTCGGCCCCCAGCTGTGGAGATCTTTTGACTCTTCGGTTGTCGGCGTCGTTGATTGCCGTGTGCACTTATTCCGGGTGCGTGCCAACTTGGCTTGGTGACGGTCAATACGGGCGGATGGGAAGGTACCTTTCTTCGGGGAGTGTTATAGCCCTTCGTCCCAGATCGTCGTCGAGTGAGGTGTCGCGGTACGTGCTCTTTAGGGCTTAGGACCTCGTGGATCGTCGGTTGCGCCTTCTGTTGACTGCACGCAGTGAGCGGAGGGACGACGGCAGGCTTTCCGTGTGTGTTCCGTATACGTGCCTAGGAAGTTGGCGTGCAAATGGCTTTATCCGACC
SQ19_16S_544E_Beroe-cucumis_Ribo-Repeat,AAGCGAATGGAGCCAGCAAGGCACCCGGTTTGATTCAGCCGGTGGTCGTCGGCCCCCAGCTGTGGAGATCTTTTGACTCTTCGGTTGTCGGCGTCGTTGATTGCCGTGTGCACTTATTCCGGGTGCGTGCCAACTTGGCTTGGTGACGGTCAATACGGGCGGATGGGAAGGTACCTTTCTTCGGGGAGTGTTATAGCCCTTCGTCCCAGATCGTCGTCGAGTGAGGTGTCGCGGTACGTGCTCTTTAGGGCTTAGGACCTCGTGGATCGTCGGTTGCGCCTTCTGTTGACTGCACGCAGTGAGCGGAGGGACGACGGCAGGCTTTCCGTGTGTGTTCCGTATACGTGCCTAGGAAGTTGGCGTGCAAATGGCTTTATCCGACC
AMB17_1_1_Beroe_Ribo-Repeat,AAGCGAATGGAGCCAGCAAGGCACCCGGTTTGATTCAGCCGGTGGTCGTCGGCCCCCAGCTGTGGAGATCTTTTGACTCTTCGGTTGTCGGCGTCGTTGATTGCCGTGTGCACTTATTCCGGGTGCGTGCCAACTTGGCTTGGTGACGGTCAATACGGGCGGATGGGAAGGTACCTTTCTTCGGGGAGTGTTATAGCCCTTCGTCCCAGATCGTTGTCGAGTGAGGTGTCGCGGTACGTGCTCTTTAGGGCTTAGGACCTCGTGGATGGTCGGTTGCGCCTTCTGTTGACTGCACGCAGTGAGCGGAGGGACGACGGCAGGCTTTCCGTGTGTGTTCCGTATACGTGCCTAGGAAGTTGGCGTGCAAATGGCTTTATCCGACC
SRR5892576_Beroe_Antarctica_Ribo-Repeat-near,AAGCGAATGGAGCCAGCAAGGCACCCGGTTTGATTCAGCCGGTGGTCGTCGGCCCCCAGCTGTGGAGATCTTTTGACTCTTCGGTTGACGGCGTTGGCGATTGCCGTGTGCACTTATTCCGGGTGCGTGCCAACTTGGCTTGGTGACGGTCGACACGGGTGGATGGGAAGGTAACTCTCTTCGGGGAGTATTATAGCCCTTCACCCCAGATCGTCGCCGAGTGAGGTGTCGCGGTACGTGCTCTTTAGGGCTTGGGCCTCGTGGGTGGTCGGTCGCGCCTTCTGTTGACTGCACGCAGTGAGCGGAGGGACGACGGCAGGCTTCTCGTGTGTGTCCCGTATACGTGCCTAGGAAGTTGGCGTGCAAATGGCTTCATCCGACC
USNM1580835_Beroe-Red_Ribo-Repeat,AAGCGAATGGAGCCAGCAAGGCACCCGGTTTGATTCAGCCGGTGGTCGTCGGCCCCCGGTCGTGGAGATCTTTTGACTCTTCGGCTGACGGCGTCTGCGATTGCCGTGTGCACTTATTCCGGGTGCGTGCCAACTTGGCTTGATGACGGTTGACACGGGCGGATGGGAAGGTAACTCGCTTCGGTGAGTGTTATAGCCCTTCGTCCTAGATCGTCGTCGAGTGAGGTGTCGCGGTACGTGCTCTTTAGGGCTTGGGCCTCGTGGGTGGTCGGTCGCGCCTTCTGTTGACTGCACGCAGTGAGCGGAGGGACGACGGCAGGCTTCTCGTGTGTGTCCCGTATACGTGCCTAGGAAGTTGGCGTGCAAATGGCTTCATCCGACC
USNM1423230_Haeckelia_Ribo-Repeat,AAGCGAATGGAGCCAGCAAGGCACCCAGTTTGATTCAGCCGGTGGTCGTCGGCCCCTGATCGTGGAGATCTTACGACTCTACGGTCAACGGCGTCGATGATTGCTGAGTGCACTTATTCTGGGTGCGTGCCAACTTGGCTTAGTGACGGTCAAAACGGATGGATGGGAAGGTAACTTTCTTCGGGAAGCATTATAGCCCTTCATCCCGGATCGTCGTTGAGTGAGGTGTCGCGGTACGTGCTCTTATGGGCTTGGGCCTGGTGGGTCGTCGGTCGCGCCTTCTGTTGACTGCACGCAGTGAGCGGAGGGACGACGGCAGGCTTCTCGTTGGTGTCCCGTATACGTGCCTAGGAAGTTGGCGTGCAAATGGCTTCATCCGACC
DL548-Liverlips_S158_Ribo-Repeat,AAGCGAATGGAGCCAGCAAGGCACTCGGTTTGATTCAGCCGGTGGCCGTCGGCCCCCGTCCGCGAAGATCTTCGGACTTTGCGGGCGACGGCGTTGGCGTTTGCCGTGTGCACTTATTCCGAGTGCGTGCCAACTTGGCTTGGTGACGGTCGAAACGGTCGGATGGGAAGGTAGCTCCTCTCGAGGAGTGTTATAGCCCTTCGTCCCGGATCGTCGCCGAGTGAGGCGTCGCGGTACGTGCTTTCGGGCTTGGGCCTCGTGGGTGGTCGGTCGCGCCTTCTGTTGACTGCACGCAGTGAGCGGAGGGACGACGGCAGGCTCCCCGTGGGTGTCCCGTATACGTGCCTAGGAAGTTGGCGTGCAAATGGCTTTATCCGACC
SRR5892575_Callianira-antarctica_Ribo-Repeat,AAGCGAATGGAGCCAGCAAGGCACTCGGTTTGATTCAGCCGGTGGACGTCGGCCCCCGCCTGCGGAGATCTTCGGACTCTTCGGGTGACGGCGCTGGCGTTTGCCGTGTGCACTTATTCCGGGTGCGTGCCAACTTGGCTTGGTGACGGTCGAAACGGTCAGATGGGAAGGTAGCTTGCCTCGGCGAGTGTTATAGCCCTTTGTCCTGGATCGTCGCCGAGTGAGGTGTCGCGGTACGTGCTTTCGGGCTTGGGCCTCGTGGGCGGTCGGTCGCGCCTTCTGTTGACTGCACGCAGTGAGCGGAGGGACGACGGCAGGCTTCTCGCGGGTGTCCCGTATACGTGCCTAGGAAGTTGGCGTGCAAATGGCTTCATCCGACC
SQ19_16S_833E_Mertensid_Ribo-Repeat,AAGCGAATGGAGCCAGCAAGGCACTCGGTTTGATTCAGCCGGTGGCCGTCGGCCCCCGTCCGCGGAGATCTTCGGACTTCGCGGGCGACGGCGTTGGCGTTTGCCGTGTGCACTTATTCCGAGTGCGTGCCAACTTGGCTTGGTGACGGTCGAAACGGTCGGATGGGAAGGTAGCTCTCCTCGGAGGGTGTTATAGCCCTTCGTCCCGGATCGTCGCCGAGTGAGGTGTCGCGGTACGTGCTTTCGGGCTTGGGCCCTGTGGGTGGTCGGTCGCGCCTTCTGTTGACTGCACGCAGTGAGCGGAGGGACGACGGCAGGCTTCTCGTGGGTGTCCCGTATACGTGCCTAGGAAGTTGGCGTGCAAATGGCTTTATCCGACC
SQ19_16S_071E_Thalassocalyce-inconstans_Ribo-Repeat,AAGCGAATGGAGCCAGCAAGGCATCCGGTTTGATTCAGCCGGTGGTCGTCGGCCCCCGTTCTCGGAGATCTTCGGACTCCGCGTTCGACGGCGTCTACGATTGCCGTGTGCACTTATTCCGGATGCGTGCCAACTTGGCTTGGTGACGGTCGATACGGACGGACGGGAAGGTAGCTTCTCTCGGGAAGTGTTACAGCCCCCCGCCCCGGATCGTCGCCGAGTGAGGAGTCGCGGTACGTGCTTTCGGGCTTGGGCCCTGTGGGCGGTCGGTCGCGCCTTCTGTTGACTGCACGCAGTGAGCGGAGGGACGACGGCAGGCTTCTCGCGGGTGTCCCGTAAACGTGCCTAGGAAGTTGGCGTGCAAATGGCTTTATCCGACC
SQ19_16S_824E_Lampocteis_Ribo-Repeat,AAGCGAATGGAGCCAGCAAGGCACCCGGTTTGATTCAGCCGGTGGTCGTCGGCCCCCGGCCGCGGAGATCTTCGGACTTTGCGGTCGACGGCGTCGACGATTGCCGTGTGCACTTATTCCGGGTGCGTGCCAACTTGGCTTGGTGACGGTCGACACGGACGGACGGGAAGGTAGCTTCCTTCGGGGAGTGTTACAGCCCTTCGCCCCGGATCGTCGCTGAGTGAGGTGCCGCGGTACGTGCTTTCGGGCTTGGGCCCCGTGGGCGGTCGGTCGCGCCTTCTGTTGACTGCACGCAGTGAGCGGAGGGACGACGGCAGGCTTCTCGCGGGTGTTCCGTATACGTGCCTAGGAAGTTGGCGTGCAAATGGCTTTATCCGACC
SRR1971491_Mnemiopsis-leidyi_Ribo-Repeat,AAGCGAATGGAGCCAGCAAGGCATCCGGTTTGATTCAGCCGGTGGTCGTCGGCCCCCGTCTTCGGAGATCTTCGGACTTCGTTGGCGACGGCGTCAGCGATTGCCGTGTGCACTTATTCCGGATGCGTGCCAACTTGGCTTGGTGACGGTCGATACGGACGGATGGGAAGGTAGCTCTCTCCGGGGAGTGTTATAGCCCTTCGCCCCGGATCGTCGCCGAGTGAGGTGCCGCGGTACGTGCTTTCGGGCTTGGACCTCGTGGGTGGTCGGTCGCGCCTTCTGTTGACTGCACGCAGTGAGCGGAGGGACGACGGCAGGCTTCTCGTGGGTGTTCCGTATACGTGCCTAGGAAGTTGGCGTGCAAATGGCTTCATCCGACC
SRR5892570_Bolinopsis-ashleyi_Ribo-Repeat,AAGCGAATGGAGCCAGCAAGGCATCCGGTTTGATTCAGCCGGTGGTCGTCGGTCCCCGTCTTCGGTGATTTTCGGACTCCGTTGGCGACGGCATTGGCGATTGCCGTGTGCACTTATTCCGGATGCGTGCCAACTTGGCTTGGTGACGGTCAATACGGACGGAAGGGAAGGTAGCTCTCTCTGGGGAGTATTATAGCCCTCCGCCCCGGATTGTCGCCGAGTGAGGTGTCGCGGTACGTGCTTTCGGGCTTGGACCCTGTGGGCGGTTGGTCGCGCCTTCTGTTGACTGCACGCAGTGAGCGGAGGGACGACGGCTGGCTTCTCGCGGGTGTTCCGTATACGTGCCTAGGAAGTTGGCGTGCAAATGGCTTTATCCGACC
SRR3048955_Cestum-veneris_Ribo-Repeat,AAGCGAATGGAGCCAGCAAGGCATCCGGTTTGATTCAGCCGGTGGTCGTCGGCCCCCGCCTTCGTAGATCTTCGGACTTCGTGGGTGACGGCGTCAGCGATTGCCGTGTGCACTTATTCCGGATGCGTGCCAACTTGGCTTGGTGACGGTCGATACGGACGGATGGGAAGGTAACTCCCTTCGAGGAGTGTTATAGCCCTTCGCCCCGGATCGTCGCCGAGTGAGGTGTCGCGGTACGTGCTTTCGGGCTTGGACCTCGTGGGCGGTCGGTCGCGCCTTCTGTTGACTGCACGCAGTGAGCGGAGGGACGACGGCAGGCTTCTCGTGGGTGTTCCGTATACGTGCCTAGGAAGTTGGCGTGCAAATGGCTTCATCCGACC
SRR6074507_Ocyropsis-crystallina_Ribo-Repeat,AAGCGAATGGAGCCAGCAAGGCATCCGGTTTGATTCAGCCGGTGGTCATTGGCCCTCGTTTGTAGGGATCTTCGGACTCTGCTTGCGATGGCGTCAGCGATTGCCGTGTGCACTTATTCCGGATGCGTGCCAACTTGGCTTGGTGACGGTCGATACGGACGGATGGGAAGGTAGCTCTTCTCGGAGAGTGTTATAGCCCTTCGCCCTGGATCGTCGCCGAGTGAGGTGTCGCGGTACGTGCTTTCGGGCTTGGACCCTGTGGGCGGTCGGTCGCGCCTTCTGTTGACTGCACGCAGTGAGCGGAGGGACGACGGCTGGCTTTCCGTGGGTGTTCCGTATACGTGCCTAGGAAGTTGGCGTGCAAATGGCTTCATCCGACC
SQ19_16S_518E_Orange-Cydippid_Ribo-Repeat,AAGCGAATGGAGCCAGCAAGGCACCCGGTTTGATTCAGCCGGTGGTCGTCGGCCCCCGTTCTCGTCGATCTTCGGACTTCGGGAGCGACGGCGTTGATGGTTGCCGTGTGCACTTATTCCGGGTGCGTGCCAACTTGGGCTGTTGACGATCGACACGGTCGGATGGGAAGGTAACTCCCTCCGGGGAGCGTTATAGCCCTCCGTCCCAGGTCGTCGACGGCTGAGGAGTCGCGGTACGTGCTTTCGGGCTTTGGCCCTGTGGGTGGTCGGTCGCGCCTTCTGTTGACTGCACGCAGTGAGTGGAGGGACGACGGCAGGCTTCTCGTGGGTGTCCAGTATACGTACCTAGGAAGTTGGCGTGCAAATGGCTTTATCCGACC
SQ19_16S_818E_Ctenoceros_Ribo-Repeat (reversed),AAGCGAATGGAGCCAGCAAGGCACCCGGTTTGATTCAGCCGGTGGTCGTCGGCCCCCGTTCTCGTTGATCTTCGGACTTCGGGAGCGACGGCGTTGATGGTTGCCGTGTGCACTTATTCCGGGTGCGTGCCAACTTGGGCTGTTGACGATCGACACGGTCGGATGGGAAGGTAACTCCCTCCGGGGAGCGTTATAGCCCTCCGTCCCAGGTCGTCGACGGCTGAGGAGTCGCGGTACGTGCTTTCGGGCTTTGGCCCTGTGGGTGGTCGGTCGCGCCTTCTGTTGACTGCACGCAGTGAGTGGAGGGACGACGGCAGGCTTCTCGTGGGTGTCCAGTATACGTACCTAGGAAGTTGGCGTGCAAATGGCTTTATCCGACC
SQ19_16S_819E_Ctenoceros_Ribo-Repeat,AAGCGAATGGAGCCAGCAAGGCACCCGGTTTGATTCAGCCGGTGGTCGTCGGCCCCCGTTCTCGTCGATCTTCGGACTTCGGGAGCGACGGCGTTGATGGTTGCCGTGTGCACTTATTCCGGGTGCGTGCCAACTTGGGCTGTTGACGATCGACACGGTCGGATGGGAAGGTAACTCCCTCCGGGGAGCGTTATAGCCCTCCGTCCCAGGTCGTCGACGGCTGAGGAGTCGCGGTACGTGCTTTCGGGCTTTGGCCCTGTGGGTGGTCGGTCGCGCCTTCTGTTGACTGCACGCAGTGAGTGGAGGGACGACGGCAGGCTTCTCGTGGGTGTCCAGTATACGTACCTAGGAAGTTGGCGTGCAAATGGCTTTATCCGACC
SQ19_16S_817E_Ctenoceros_Ribo-Repeat (reversed),AAGCGAATGGAGCCAGCAAGGCACCCGGTTTGATTCAGCCGGTGGTCGTCGGCCCCCGTTCTCGTTGATCTTCGGACTTCGGGAGCGACGGCGTTGATGGTTGCCGTGTGCACTTATTCCGGGTGCGTGCCAACTTGGGCTGTTGACGATCGACACGGTCGGATGGGAAGGTAACTCCCTCCGGGGAGCGTTATAGCCCTCCGTCCCAGGTCGTCGACGGCTGAGGAGTCGCGGTACGTGCTTTCGGGCTTTGGCCCTGTGGGTGGTCGGTCGCGCCTTCTGTTGACTGCACGCAGTGAGTGGAGGGACGACGGCAGGCTTCTCGTGGGTGTCCAGTATACGTACCTAGGAAGTTGGCGTGCAAATGGCTTTATCCGACC
SRR9162937_Lampea-RiboRepeat (reversed),AAGCGAATGGAGCCAGCAAGGCACCCGGTTTGATTCAGCCGGTGGCCGTCGGCCCCCGTTTGTGACGATCTTCGGACGTTGCTTGCGACGGCGTTGGCGGTTGCCGTGTGCACTTATTCCGGGTGCGTGCCAACTTGGATTACTGACGATCGACACGGTCGGATGGGAAGGTAACTCCCTTCGGGGAGCGTTATAGCCCTTCGTCCCAGGTCGTCGGTGATTGAGGAGTCGCGGTACGTGCTTTCGGGCTTTGGCCCTGTGGACGGTCGGTCGCGCCTTCTGTTGACTGCACGCAGTGAACGGAGGGACGACGGCAGGCTTTTCGCGGGTGTCCAGTATACGTACCTAGGAAGTTGGCGTGCAAATGGCTTTATCCGACC
SQ19_16S_816E_Cydippida_Ribo-Repeat (reversed),AAGCGAATGGAGCCAGCAAGGCACCCGGTTTGATTCAGCCGGTGGTCGTCGGCCCCCGCCCGTGACGATCTTCGGACGTTGCGAGCGACGGCGTTGATGGTTGCCGTGTGCACTTATTCCGGGTGCGTGCCAACTTGGATTGTTGACGATCGACACGGTCGGAAGGGAAGGTAACTTTCTTCGGAGAGCGTTATAGCCCCCCGTCCCAGGTCGTCGGCGATTGAGGAGTCGCGGTACGTGCTTTCGGGCTTTGGCCCCGTGGGTGGTCGGTCGCGCCTTCTGTTGACTGCACGCAGTGAACGGAGGGACGACGGCAGGCTTCTCGTGGGTGTTCAGTATACGTACCTAGGAAGTTGGCGTGCAAATGGCTTTATCCGACC
DL526-Benthoctena_S167_Ribo-Repeat,AAGCGAATGGAGCCAGCAAGGCACCCGGTTTGATTCAGCCGGCGGCCGTCGGCCCCCGTTCGTGGCGATCTTCGGACGCTCCGGGCGACGGCGTTGACGGTTGCCGTGTGCACTTATTCCGGGCGCGAGCCAACTTGGATTGCGGACGACCGACACGGACGGAAGGAAAGGTAACTCCCCCCGGGGAGCGTTATAGTCCTCCGCCTCGGGTCGTCGGCGATCGAGGTGTCGCGGTACGTGCTTCCGGGCTTGGGCGCCGCGGGCGGTCGGTCGCGCCTTCTGTTGACTGCACGCAGTGAGCGGAGGGACGACGGCAGGCCGCCAGCGGACGTCCCGTAAACGTACCTAGGAAGTTGGCGTGCAAATGGCTTTATCCGACC
SRR3048699_Dryodora-glandiformis_Ribo-Repeat,AAGCGAATGGAGCCAGCAAGGCACCCGGTTTGATTCAGCCGGTGGCTGTCGGCCCCCGCTCGTGGTGATCTTCGGACTCCGCGGGTGACGGCGTTGGCAGTTGCCGTGTGCACTTATTCCGGGTGCGTGCCAACTTGGCTTGGTGACGGTCGATACGGACGGGAAGGAAGGTAGCTTCTCTCGGGAAGTGTTAAGCCTCTCGCCCTGGATCGTCGCCGAGTGAGGAGTCGCGGTACGTGCTTTCGGGCTTGGGCCCTGTTGGAGGTCGGTTGCACCTTCTGTTGACTGCACGCAGTGAGCGGAGGGATGACAGCAGGCATCCGGTGGGTGTCCCGTATACGTGCCTAGGAAGTTGGCGTGCAAATGGCTTTATCCGACC
Aulacoctena_sp_nov_Japan___NoAcc_,AAGCGAATGGAGCCAGCAAGGCACCCAGATTCATTCAGCCGGTGGCTGTTGGCCCCCGTCTTCGGTGATCCTCGGACACCGTGGACGACGGTGCGCTGACCGTTGCCGTGTGCACTTATTCTGGGTGCGTGCCAACTTGGGCTACTGACGGCCGATACGGTCGGTAGGGAAGGTAGCTCCCCCACCAGGGAGTGTTATAGCCCTCTGTCCCGGGTCGTCGGTGGCCGAGGTGTCGCGGTACGTGCTCTCGGGCTTGGGCCCTATGGGTGGTCGGCTGCGCCTTTCGTTGACTGCACGCAGTGAGCGGAGGGACGACAGCAGGCTGCCCGCTGGTGTCCCGTAAACGTGCCCAGGAAGTTGGCGTGCAAATGGCTTTATCCGACC
SQ19_16S_392E_Aulacoctena_Ribo-Repeat,AAGCGAATGGAGCCAGCAAGGCACCCAGATTCATTCAGCCGGTGGCTGTTGGCCCCCGTCTTCGGTGATCCCCGGACACCGTGGACGACGGTGCGCTGACCGTTGCCGTGTGCACTTATTCTGGGTGCGTGCCAACTTGGGCTATTGACGGCCGATACGGTCGGTAGGGAAGGTAGCTCCTCCACCAGGGAGTGTTATAGCCCTCTGTCCCGGGTCGTCGGTGGCCGAGGTGTCGCGGTACGTGCTCTCGGGCTTGGGCCCTATGGGTGGTCGGCTGCGCCTTTCGTTGACTGCACGCAGTGAGCGGAGGGACGACAGCAGGCTGCCCGCTGGTGTCCCGTAAACGTGCCCAGGAAGTTGGCGTGCAAATGGCTTTATCCGACC
UBC_1_Aulacoctena_Ribo-Repeat,AAGCGAATGGAGCCAGCAAGGCACCCAGATTCATTCAGCCGGTGGCTGTTGGCCCCCGTCTTTGGTGATCCCCGGACACCGTGGACGACGGTGCGCTGACCGTTGCCGTGTGCACTTATTCTGGGTGCGTGCCAACTTGGGCTACTGACGGCCGATACGGTCGGTAGGGAAGGTAGCTCCTCCACCAGGGAGTGTTATAGCCCTCTGTCCCGGGTCGTCGGTGGCCGAGGTGTCGCGGTACGTGCTCTCGGGCTTGGGCCCTATGGGTGGTCGGCTGCGCCTTTCGTTGACTGCACGCAGTGAGCGGAGGGACGACAGCAGGCTGCCCGCTGGTGTCCCGTAAACGTGCCCAGGAAGTTGGCGTGCAAATGGCTTTATCCGACC
UBC_2_Aulacoctena_Ribo-Repeat,AAGCGAATGGAGCCAGCAAGGCACCCAGATTCATTCAGCCGGTGGCTGTTGGCCCCCGTCTTTGGTGATCCCCGGACACCGTGGACGACGGTGCGCTGACCGTTGCCGTGTGCACTTATTCTGGGTGCGTGCCAACTTGGGCTACTGACGGCCGATACGGTCGGTAGGGAAGGTAGCTCCTCCACCAGGGAGTGTTATAGCCCTCTGTCCCGGGTCGTCGGTGGCCGAGGTGTCGCGGTACGTGCTCTCGGGCTTGGGCCCTATGGGTGGTCGGCTGCGCCTTTCGTTGACTGCACGCAGTGAGCGGAGGGACGACAGCAGGCTGCCCGCTGGTGTCCCGTAAACGTGCCCAGGAAGTTGGCGTGCAAATGGCTTTATCCGACC
SQ19_16S_507E_Aulacoctena_Ribo-Repeat (reversed),AAGCGAATGGAGCCAGCAAGGCACCCAGATTCATTCAGCCGGTGGCTGTTGGCCCCCGTCTTCGGTGATCCCCGGACACCGTGGACGACGGTGCGCTGACCGTTGCCGTGTGCACTTATTCTGGGTGCGTGCCAACTTGGGCTATTGACGGCCGATACGGTCGGTAGGGAAGGTAGCTCCTCCACCAGGGAGTGTTATAGCCCTCTGTCCCGGGTCGTCGGTGGCCGAGGTGTCGCGGTACGTGCTCTCGGGCTTGGGCCCTATGGGTGGTCGGCTGCGCCTTTCGTTGACTGCACGCAGTGAGCGGAGGGACGACAGCAGGCTGCCCGCTGGTGTCCCGTAAACGTGCCCAGGAAGTTGGCGTGCAAATGGCTTTATCCGACC
USNM1424275_Platyctenida_Ribo-Repeat,AAGCGAATGGAGCCAGCAAGGCATCCAGATTCATTCAACCGGTGGCTGGCGGCCCCCGCTTTCGGCGATCTTCGGACGCTGCGGAGGCGACGGCGCTGCCCGTTGCCGTGTGCACTTATTCTGGATGCGTGCCAACTTGGGCTGCTGACGGCCAACACGGGCGGACGGGAAGGTAGCTCCCCTGCCCGGGGAGTGTTATAGCCCCCCGTCCTGGGTCGTCGGTGGCTGAGGAGTCGCGGTACGTGCCCCCCTCGGGGGCTAGGGCCCCGTGGGCGGTCGGTCGCGCCCTTCGTTGACTGCACGCAGTGAGCGGAGGGACGACGGCTGGCTTCCCTGCGGGTGGTTCCCGTAAATACGTGTGCCTAGGAAGTTGGCGTGCAAATGGCTTCATCCGACC
USNM1424276_Platyctenida_Ribo-Repeat,AAGCGAATGGAGCCAGCAAGGCATCCAGATTCATTCAACCGGTGGCTGGCGGTCCCCGCTTTCGGCGATCTTCGGACGCTGCGGAGGCGACGGCGCTGCCCGTTGCCGTGTGCACTTATTCTGGATGCGTGCCAACTTGGGCTGCTGACGGCCAACACGGACGGACGGGAAGGTAGCTCCCCTGCCCGGGGAGTGTTATAGCCCCCCGTCCTGGGTCGTCGGTGGCTGAGGAGTCGCGGTACGTGCCCCCCTCGGGGGCTAGGGCCCCGTGGGCGGTCGGTCGCGCCCTTCGTTGACTGCACGCAGTGAGCGGAGGGACGACGGCTGGCTTCCCTGCGGGTGGTTCCCGTAAATACGTGTGCCTAGGAAGTTGGCGTGCAAATGGCTTCATCCGACC
USNM1457363_Tjalfiella-maybe_Ribo-Repeat,AAGCGAATGGAGCCAGCAAGGCATCCAGATTCATTCAACCGGTGGCTGGCGGTCCCCGCTTTCGGCGATCTTCGGACGCTGCGGAGGCGACGGCGCTGCCCGTTGCCGTGTGCACTTATTCTGGATGCGTGCCAACTTGGGCTGCTGACGGCCAACACGGRCGGACGGGAAGGTAGCTCCCCTGCCCGGGGAGTGTTATAGCCCCCCGYCCTGGGTCGTCGGTGGCTGAGGAGTCGCGGTACGTGCCCCCCTCGGGGGCTAGGGCCCCGTGGGCGGTCGGTCGCGCCCTTCGTTGACTGCACGCAGTGAGCGGAGGGACGACGGCTGGCTTCCCTGCGGGTGGTTCCCGTAAATACGTGTGCCTAGGAAGTTGGCGTGCAAATGGCTTCATCCGACC
USNM1467614_HawaiinRedPlaty_Ribo-Repeat,AAGCGAATGGAGCCAGCAAGGCATCCAGATTCATTCAACCGGTGGCTGGCGGTCCCCGCTTTCGGCGATCTTCGGACGCTGCGGAGGCGACGGCGCTGCCCGTTGCCGTGTGCACTTATTCTGGATGCGTGCCAACTTGGGCTGCTGACGGCCAACACGGGCGGACGGGAAGGTAGCTCCCCTGCCCGGGGAGTGTTATAGCCCCCCGTCCTGGGTCGTCGGTGGCTGAGGAGTCGCGGTACGTGCCCCCCTCGGGGGCTAGGGCCCCGTGGGCGGTCGGTCGCGCCCTTCGTTGACTGCACGCAGTGAGCGGAGGGACGACGGCTGGCTTCCCTGCGGGTGGTTCCCGTAAATACGTGTGCCTAGGAAGTTGGCGTGCAAATGGCTTCATCCGACC
USNM1467615_Platyctenida_Ribo-Repeat (reversed),AAGCGAATGGAGCCAGCAAGGCATCCAGATTCATTCAACCGGTGGCTGGCGGTCCCCGCTTTCGGCGATCTTCGGACGCTGCGGAGGCGACGGCGCTGCCCGTTGCCGTGTGCACTTATTCTGGATGCGTGCCAACTTGGGCTGCTGACGGCCAACACGGGCGGACGGGAAGGTAGCTCCCCTGCCCGGGGAGTGTTATAGCCCCCCGTCCTGGGTCGTCGGTGGCTGAGGAGTCGCGGTACGTGCCCCCCTCGGGGGCTAGGGCCCCGTGGGCGGTCGGTCGCGCCCTTCGTTGACTGCACGCAGTGAGCGGAGGGACGACGGCTGGCTTCCCTGCGGGTGGTTCCCGTAAATACGTGTGCCTAGGAAGTTGGCGTGCAAATGGCTTCATCCGACC
USNM1490693_Tjalfiella-tristoma_Ribo-Repeat,AAGCGAATGGAGCCAGCAAGGCATCCAGATTCATTCAACCGGTGGCGCAGTGCGGCCCCCGTTCCCGGCGATCTTCGGACGTTGCGGGAGCGACGGCGCTGCCCGTTGCCGTGTGCACTTATTCTGGATGCGTGCCAACTTGGGCTACTGACGGCCAACACGGACGGACGGGAAGGTAGCTCCCCTTGCCGGGAGTGTTATAGCCCCCCGTCCCGGGTCGTCGGTGGCTGAGGGTGTCGCGGTGCGTGCCTTACGTGGGCTAGGGCCCCGTGGGCGGTCGGTCGCGCCCTTCGTTGACTGCACGCAGTGAGCGGAGGGACGACGGCTGGCTTCCCGGCGGGTGATCTTCCCGTAAACGTGCCTAGGAAGTTGGCGTGCAAATGGCTTTATCCGACC
FLMNH-IZ-000083-Coeloplana-wuennenbergi_S117_Ribo-Repeat,AAACGAATGGAGCCAGCAAGGCACCCAGTTTCATTCAGCCGGTGGCCTACCACCGAGGCYTGGGCCGACCTTCGGGCGGTGCGGGTTTCGCGATGATAGGTTGCCGTGTGCACTTATGCTGGGTGCGTGCCAACTTGGGCTGGTGACGGTCGACACGGTCGGAAGGGAAGGTAGCTTTCTCCGGGGAGTGTTATAGCCCTCCGTCCCGGGCCGTCGCTGGCTGAGGTGTCGCGGTACGTGCTCTCTTGGGCTTGGGCCCTGTAGCAGGTCGACTGCGCCTTCCGTTGACTGCACGCAGTGAGCGGAGGGACGACGGTAGGCTAGCCGTGGGTGTCCCGTAAACGTACCTAGGAAGTTGGCGTGCAAATGGCTTCATCCGACC
SRR3407215_Coeloplana-cf-meteoris_Ribo-Repeat,AAACGAATGGAGCCAGCAAGGCACCCAGTTTCATTCAGCCGGTGGCCTACCACCGAGGCCTGGGCCGACCTTCGGGCGGTGCGGGTTTCGCGATGATAGGTTGCCGTGTGCACTTATGCTGGGTGCGTGCCAACTTGGGCTGGTGACGGTCGACACGGTCGGAAGGGAAGGTAGCTTTCTCCGGGGAGTGTTATAGCCCTCCGTCCCGGGCCGTCGCTGGCTGAGGTGTCGCGGTACGTGCTCTCTTGGGCTTGGGCCCTGTAGCAGGTCGACTGCGCCTTCCGTTGACTGCACGCAGTGAGCGGAGGGACGACGGTAGGCTAGCCGTGGGTGTCCCGTAAACGTACCTAGGAAGTTGGCGTGCAAATGGCTTCATCCGACC
SRR786490_Coeloplana-astericola-brown_Ribo-Repeat,AAACGAATGGAGCCAGCAAGGCACCCAGTTTCATTCAGCCGGTGGCCTACCACCAAGGCATGGGCCGACCTTCGGGCGGTGCTTGTTTTGCGATGATAGGTTGCCGTGTGCACTTATGCTGGGTGCGTGCCAACTTGGGCTGGTGACGGTCGACACGGTCGGAAGGGAAGGTAGCTTTCTCCGGGGAGTGTTATAGCCCTCCGTCCCGGGCCGTCGCTGGCTGAGGGGTCGCGGTACGTGCTCTCTTGGGCTTGGGCCCTGTAGCAGGTCGACTGCGCCTTCCGTTGACTGCACGCAGTGAGCGGAGGGACGACGGTAGGCTAGCCGTGGGTGTCCCGTAAACGTACCTAGGAAGTTGGCGTGCAAATGGCTTCATCCGACC
FLMNH-IZ-000094-Ctenoplana_S128_Ribo-Repeat,AAACGAATGGAGCCAGCAAGGCATCCAGATTCATTCAGCCGGTGGCTGGCCAACTCGGGTTCGGGGTGACCTTTACGGGCGCTCCGGGTTCGGCGATGACCCGTTGCCGTGTGCACTTATTCTGGGTGTGAGCCAACTTGGGCTGATGACGGTTGACACGGTTCGGCGGGAAGGTAGCTTCCTCCGTGGGAGTATTATAGCCCCCGATCCTGGATCGTCCTCGGCTGAGGAGTTGCGGTACGTGCTCTCTCGGGCTTGGGCCCTGTGGGCGGTCGGTCGCGCCTTCTGTTGACTGCACGCAGTGAGCGGAGGGACGACGGCAGGCTTCCCGTGGGTGTCCCGTAAACGTACCCAGGAAGTTGGCGTGCAAATGGCTTCATCCGACC
SRR3407164_Vallicula_Ribo-Repeat,AAACGAATGGAGCCAGCAAGGCATCCAGATTCATTCAGCCGGTGGCTGGCCAACTCGGGTTCGGGGTGACCTTTACGGGCGCTCCGGGTTCGGCGATGACCCGTTGCCGTGTGCACTTATTCTGGGTGTGAGCCAACTTGGGCTGGAGACGGTTGACACGGTTCGGTGGGAAGGTAGCTCCCTCCGTGGGAGTATTATAGCCCCCGATCCTGAATCGTCCTCGGCTGAGGAGTTGCGGTACGTGCTCTCTCGGGCTTGGGCCCTGTGGGCGGTCGGTCGCGCCTTCTGTTGACTGCACGCAGTGAGCGGAGGGACGACGGCAGGCTTCCCGTGGGTGTCCCGTAAACGTACCCAGGAAGTTGGCGTGCAAATGGCTTCATCCGACC
USNM1463986_Pink-Tjalfiella-MBARI_Ribo-Repeat,AAACGAATGGAGCCAGCAAGGCATCCAGATTCATTCAGCCGGTGGCTGGCGGCCCCCGTCTTCGGCGACCCTTTCGGGCGCTCGCGGGCGACGGCGTTGCCTGTTGCCGTGTGCACTTATTCTGGATGCGTGCCAACTTGGGCTGTCGACGGTTGACACGGTCGGACGGGAAGGTAGCCTCCTTCGGGGGGTGTTACAGCCCACCGTCCCAAATCGTCGGTGGCTGAGGTGTCTGCGGTACGTGCTCTCGGGCTTGGGCCCCGTGGGCGGTCACTCGCGCCTTTCGTTGACTGCACGCAGTGAGCGGAGGGACGACGGGCGGCTTCCCGTGGGTGTCCCGTAAACGTGCCTAGGAAGTTGGCGTGCAAATGGCTTTATCCGACC
USNM1580855_Lyrocteis-gehenna_Ribo-Repeat,AAACGAATGGAGCCAGCAAGGCATCCAGATTCATTCAGCCGGTGGCTGGCGGCCCCCGTCTTCGGCGACCCTTTCGGGCGCTCGCGGGCGACGGCGTTGCCAGTTGCCGTGTGCACTTATTCTGGATGCGTGCCAACTTGGGCTGGCGACGGTTGACACGGTCGGATGGGAAGGTAGCCTCTCTCGGGGGGTGTTATAGCCCGCCGTCCCAGATCGTCGGTGGCTGAGGTGTCTGCGGTACGTGCTCTCGGGCTTGGGCCCCGTGGGCGGTCATTCGCGCCTTTCGTTGACTGCACGCAGTGAGCGGAGGGACGACGGACGGCTGCCCGTGGGTGTCCCGTAAACGTGCCTAGGAAGTTGGCGTGCAAATGGCTTTATCCGACC
SQ19_16S_080E_Euplokamis_Ribo-Repeat,AAGCGAATGGAGCCAGCAAGGCACCCGGTTTGATTCAGCCGGTGGTCGCTCGGCCCCCGCGGGACGTGATCTTCGGACTCGTCCTGCGACGGCGTCGGTGGTTACCGTGTGCACTTATTCCGGGTGCGTGCCAACTTGGCTTGGGGACGATCGATGCGGTCAGGGTGGTAGGCTTCGGCAGCCCCCTGTCCCGGATCATCCCCGAGTGAGGAGCTGCGGTGCGTGCTTTCGGGCTTGGGCTTCGCGGCCGGTCGTTGGCGCCTTCTGTTGACTGCACGCAGTGAGCGGAGGGACGACCGAAGGCTGGCTGTGGATGTCCCGTATACGCGCCTAGGAAGTTGGCGTGCAAATGGCTTTATCCGACC
SQ19_16S_814E_Cydippida-Euplokamis_Ribo-Repeat,AAGCGAATGGAGCCAGCAAGGCACCCGGTTTGATTCAGCCGGTGGTCGCTCGGCCCCCGCGGGACGTGATCTTCGGACTCGTCCTGCGACGGCGTCGGTGGTTACCGTGTGCACTTATTCCGGGTGCGTGCCAACTTGGCTTGGGGACGATCGATGCGGTCAGGGTGGTAGGCTTCGGCAGCCCCCTGTCCCGGATCATCCCCGAGTGAGGAGCTGCGGTGCGTGCTTTCGGGCTTGGGCTTCGCGGCCGGTCGTTGGCGCCTTCTGTTGACTGCACGCAGTGAGCGGAGGGACGACCGAAGGCTGGCTGTGGATGTCCCGTATACGCGCCTAGGAAGTTGGCGTGCAAATGGCTTTATCCGACC
SQ19_16S_364E_Euplokamis_Ribo-Repeat,AAGCGAATGGAGCCAGCAAGGCACCCGGTTTGATTCAGCCGGTGGTCGCTCGGCCCCCGCGGGACGTGATCTTCGGACTCGTCCTGCGACGGCGTCGGTGGTTACCGTGTGCACTTATTCCGGGTGCGTGCCAACTTGGCTTGGGGACGATCGATGCGGTCAGGGTGGTAGGCTTCGGCAGCCCCCTGTCCCGGATCATCCCCGAGTGAGGAGCTGCGGTGCGTGCTTTCGGGCTTGGGCTTCGCGGCCGGTCGTTGGCGCCTTCTGTTGACTGCACGCAGTGAGCGGAGGGACGACCGAAGGCTGGCTGTGGATGTCCCGTATACGCGCCTAGGAAGTTGGCGTGCAAATGGCTTTATCCGACC
SRR3048351_Euplokamis-dunlapae_Ribo-Repeat,AAGCGAATGGAGCCAGCAAGGCACCCGGTTTGATTCAGCCGGTGGTCGCTCGGCCCCCGCGGGACGTGATCTTCGGACTCGTCCTGCGACGGCGTCGGTGGTTACCGTGTGCACTTATTCCGGGTGCGTGCCAACTTGGCTTGGGGACGATCGATGCGGTCAGGGTGGTAGGCTTCGGCAGCCCCCTGTCCCGGATCATCCCCGAGTGAGGAGCTGCGGTGCGTGCTTTCGGGCTTGGGCTTCGCGGCCGGTCGTTGGCGCCTTCTGTTGACTGCACGCAGTGAGCGGAGGGACGACCGAAGGCTGGCTGTGGATGTCCCGTATACGCGCCTAGGAAGTTGGCGTGCAAATGGCTTTATCCGACC
SRR9162936_Vampyroctena-delmarvensis_Ribo-Repeat,AAGCGAATGGAGCCAGCAAGGCGCCCGGTTTGATTCAGCCGGCGGTCGCTCGGCCCCCGCGCGAGGAGATCTTCGGACTCTTCCCGCGACGGCGTCGGCGGTCACCGTGTGCACTTATTCCGGGTGCGTGCCAACTTGGCTTGAGGACGATCGATGCGGTCGGACGAGTGGGCTTAGGCGGCTAGCCGTCCCGGATCGTCGCCGAGTGAGGAGCTGCGGTGCGTGCTTACGGGCTTGGGCTTCGCGGGCGGTCGTTCGCGCCTTCTGTTGACTGCACGCAGTGAGCGGAGGGACGACGGGCGGCTGTCTGCGGACGTCCCGTATACGCGCCTAGGAAGTTGGCGTGCAAATGGCTTTATCCGACC
USNM1607363_Vampyroctenida_Ribo-Repeat,AAGCGAATGGAGCCAGCAAGGCGCCCGGTTTGATTCAGCCGGCGGTCGCTCGGCCCCCGCGCGAGGAGATCTTCGGACTCTTCCCGCGACGGCGTCGGCGGTCACCGTGTGCACTTATTCCGGGTGCGTGCCAACTTGGCTTGAGGACGATCGATGCGGTCGGACGAGTGGGCTTAGGCGGCTAGCCGTCCCGGATCGTCGCCGAGTGAGGAGCTGCGGTGCGTGCTTACGGGCTTGGGCTTCGCGGGCGGTCGTTCGCGCCTTCTGTTGACTGCACGCAGTGAGCGGAGGGACGACGGGCGGCTGTCTGCGGACGTCCCGTATACGCGCCTAGGAAGTTGGCGTGCAAATGGCTTTATCCGACC
Clathrinidae_PNMNH50547_Ribo_Repeat,AAACGCGCTCGGCTAGCAATGTGCCTCGGCGGTTCAGCCGGTTTGGGGGTGGAGGTTGCCGTTGTCGGATCCGAATGGACCGCGGCGGCAGCCGTCCGCATCCGAGCCGCGGTGCACTCTGTCGGGGTACGCGTCAGCGTCGGTTCGCAGTTCAGGCGATAAGGCACGGAGGGAAGGTAGCTCGGGGCTTGCCCTGAGCATTATAGCCGCCTGTGCTGGGTCTGGTGCGGACCGAGGAGAGAGAGGATCGCTGCAGCGCATGCCGTAAGGCTAGCTGCCCGTCGCTCGGTGTGCTTCACAGGCTGAGGACTGCACGCAGTGTTCGGTTTGGCGGAGTGGCCAGGCGGTGGAGCGGTATAAATGCGCTTAGGACGCTGGCGTCCAAATGGCCGTGCGCGACC
Atolla_wyvillei_GAK02_Ribosomal_Repeat,AAACAGATGGAGTTAGCAATGCTCTGACGAGATTCAGATGTTCTTTCAATCGTACGTGCAGTGTGCAGATCTGAATGGACCGTCACTGTTCGGCCCGACTGTTTGAACGTCGCATTTCCCGTCAGTGCGCGTCAACATCTGTTAGAACTGAGTGAAAAGCCCTCGAGAAAGGTAGGTATGGTTTCTGTACTGTTATAATCTCGAGTGTGCCAACTTGGAACTGACAGAGGATTGCGGTACATGCTCTCACTCGTGAGGGCTGGTGTTCCGTTCTTGGTTGTCTGTCGACTATAGTGGACTGCTTGCAGTGCACTTGAACTGCAGTTAGCCATCGACTGGGTTTACACACACTATGTACCAAAGTTGTTGGCGGCAATATGGCTTCATTTGACC
Halicreas_minimum_Ribosomal_Repeat_DLSI456,AAGCGCATGGAATTAGCAATGCTCTATCGAGATTCAGATGATCGGGACGTGGAACTGTCTCCGTACGGATCCGAATGGACCGTTGGTGATTGTCTCTGATTTCTGGTTGTCGCACTTCCCGGTTGAGCGCGTCAACAGCTGTTGGAACTGAGTGAAAAGTCCCGCGGAAAGGTAGCCTGACGTTCGCGTTTGGTGTTATAGTCCGTGGTGTGCCAGCTCGGATCCGACAGAGGCGCCGCAGCACATGCCTCTCGGGGCTGGCTTCTCTGCCTTCAATCAGTTGTTTCGACCATGGCGGACTGCTTGCAGTGCGTCAGAACTGCTGCTGGTTGTTGCGTGGAATGAAGCACACTATGTGCTTAGGTTGTTGGCGATCATATGATTTCATGCGACC
Vallentinia_gabriellae_Ribo_Repeat,AAGCGCATGGAATTAGCAATGCTTGGTCGAGATTCAGGTGGTGGGGGTGCGGAACGGCGGCCGTACGGATCCGAATGGACCGTTGGTTGTTGTCTCTGCGCCTCGACCGTCGCACTTCCCGGCCGGGCGCGTCAACGACTGTTGGGACCGAGCGATAAGCCTCGCGGGAAGGTAGCTGGCCCTTCGGGGTTGGTGTTATAGACCGCGGTGTGCCAGTTCGGGTTCGACAGAGGTGCTGCAGCACGTGCTCTTCGGGGCTGGCTTCCTCGCCTTCGGTCGGTTGTCGAGCATGGCGGACTGCTTGCAGTGCGTCAGAACTGCTGCTGGCCGTTGCGTGGGTGTATGCACACTACGTGCTAAGGTTGTTGGCGATCATATGATTTCATGCGACC
Pandea_rubra_1284298_Ribosomal_Repeat_,AAGCGCATGGAATTAGCAATACACTGTCGAGATTCAGGCGGGCGGTGACTGGTACGGCTGCTGTACGGATCTGAATGGACCGTCGGTAGTCGTCACTGGTGGCTGCCTGTTGCATTTCCCGGCAGTGTTCGTCAACAGGTGTTGGAACCGAGTGATGAGCCCCGCAGGAAGGTGGCTGGCTTAGGCTGGTGTTATAGACTGTGGTGTGCGAGCTCGGATTCGACAGAGGGGTTGCGGCACATGCTCTTTTGGGCTGGTCTCGCTCTTCTCAGACGGTTGTCGACCATGGCGGACTGCGTGCAGTGCGCTTGAACCGCGGCTGGCTGTCGAGGGGCATCGGACACACATTGTGCCAAGGTTGTTGGCGGTCATATGGTTTCATACGACC
Cladonema_Ribo_Repeat,AAGCGCATGGAATTAGCAATGCACTGTAGAGATTCAGGCAGTCGTGGTGGGTTACTTGCGCGTAGTAGATCCGAATGGACTACTTGTGTTCGTCTTCCTGCCTCGTCTGTCGCATTTCCCTGCAGTGTGCGTCAACGACTGTTCGGACCGGGCGAGAAGCCTCGCGAGAAGGTAGCTGTCCCTTCGGGGGTGGTGTTATAGCTCGTGGTGTGCGAGCCTGGGCCGGACAGAGGTGTCGCGGCACGTGCTCATGGCTGGCCTCTCTCTCTTCATTCGGTCGTCGAGCATAGCGGACTGCGTGCAGTGCGTTTGAACTGCTGCCGTTTGTTGGGGGGAAGAGTGCACAAACGTGCCAAGGTTGTTGGCGGTCATATGATTTCATACGACC
Mastigias_papua_Ribo_Repeat,AAGCGGATGAAGTTAGCAATGCCCCTGCGAGATTCAGGTGCCCTACCTGGTCCGACGTGTGGCTGGCGGATCCGAACGGACTGTCTCCACTCGACTCGGCCGGGTACTCGCCGCACTTCTCGCAGGGGTGCGTCAACACCTGCTGGATGATACACATGTAGCGGACTGCTACGACGAGCGAAACGGCGTCTGTGGAAGGTAGGTGGCCGGCTCGCCCGGGCACTGTTACAGCCACTAGTGTCCCAGCTCGCGTCTGGCAGAGGAGCCGGCTGGYYTTTGTAGTCAGTCGGCGCGGTGCATGCCCCTGGCTCGCCGGGGGCTGGCGTCCTGTCGCGTTCAACCACTCCTAGTCCCGTCTGGGGTGCACTGCGTGCAGTTCACTCCACGAGGCCGAAGAGGCGCCCAGTGCACGCACACTATGTACCAAGGTTGTTGGCGGCCATATGGCTTCTTCCGACC
Ianthellidae-maybeHexadella_Ribo_Repeat,AAGCGAATGAGGCCGGCTCGGTCCTCTGCGGGTTCAGGCGGAACGATGAGCGCCCTCTGGCCAAGGGATCCCACTAGGGACCATCAGCCGGTGGGACCGCTCGTCGCTCCAAGCCGTATTCCCGCGTGGACCAGTCAGCGGCAGTTTCCGCTGTGTCATGTGCGCCACGAGGCAGTTGGCTGAGTCCCTCGGGACYCGGTTCTGGCCTCTGAGGCACGGCACGGTGGAGACTGAGGAGAGTGGCGACCCTCGCCCAAGCAGCGCAAGCCACAGGGCCGGACGGCTGCGACGACTGTGTCGGACCGGTGGGGACTGCGTGCAGTGCCCGCTGAGCGAGATGGAGGCGTTGCGGTGCAGTCACGATGTGCGCTGAGGTCGCTGGCGCCTAGCCGGTCCCATCCGACC
_Japanese_Alatinid_Ribo_Repeat,AAACGGATGGAGTTGGCAATGTGCCGACGAGATTCAGGTGGCCGGAACTTCCAAGGGGCAGTGTGTGGATTCCTGCGAACTGCATCTGTTCTTCTGGTTGCTCCTACCATCGCATTTCCCGTCGGTACGTGTCAGCAAGTGTTGAAACAGGGTGAAAAGCTCCCAAGGATGGTAGGTGCCACTTCGGTGTCACTGGATAGCCTTGGGTAGCCAGGCTCTGAATCGACAGAGGGTTTTAATGCAACCCTGTCTTTATCATGCTGGTCTTCGGTGGGCTGTCGACCATAGTGGACTGCATGCAGTGCACTTGAACTGGAGTCCCGCCGATGGTTTGCATGTCTTGGCAGTGGTTCAAGTTGCTGGCAAGCACATGACTTCATCCGACC
Tamoya_ohboya_Ribo_Repeat,AAACGGATGGAGTTGGCAATGCATTGGTGAGATTCAGGCAAGTGTGCTGTTGACTGGGCGGTTTGTGGATTCTATACGAACTGCATCCGTTCATCTCGATGGTCTCCTTGTCGCATTTCTTGCCTGTGCGTGTCAGCAACTGTTGCAACTGGGCGAAAAGCTCCCGAGGATGGTAGCTGGTGCTTCGGTGCCAGTGGATAGCCTCGGACAGCCAGGCTCAGAAGTGACAGAGGAATTGCGACCCTGTCTTTATCATGTTGTTGTTCTGCTGGCTGTAACCATGGTGGACTGCATGCAGTGCATCAGAACCTCAGTTGGTTAGAGTGGTGGCTTGTCTTGGCAGTGGTCAAAGTTGCTGGCGAGTATATGACTTCATCCGACC
Characella_NF22-009_Ribo_Repeat,AAACGCATGCAGCCGAACGGGCCCTCGTCGGGTTCAGGGGGCTGCGAGGAGTCGTGCGTGCAGACGGCACCCTCGCGGGTCGTCCGTGCGTCCGCGCCTCTCGCACCCTTGCACTCTCGGCGGTTGTGGCCGGCCAAGTGCGGTGGGCTCCGGACGATGAGCGCGCGTCGGGCAGGTAGCGCAGCTGTCTCTGGCAGAGGCGAACTTACAGCCGAGCGTGCGGAGCGTCCGGCGCCTACCGAGGAGAGCGGTGGCACTTCCACCCCAGCAGCGCAGGTCCGCTTCGGCGGGCCGGAGCGCTCCCGTCCGTTCGGCAGCCGGGCCGTGTCACTGCGTGCAGTGTCCGGCCTCGGTTCGTTCGTCCGGGTAGGAGGTCGTCTCACGCCTTGCGCTGTGGTCGCTTGGCTAGCCGTCGGCTGCATTCGACC
Saccocalyx_NF22-001_Ribo_Repeat,AAACGAACAGGCTGACCGTTGCGTCGGCAAGATTCAGGCAAGTTGTGCTTGTTGAGTCTGGTGGCTGTTGGCTGGTCTGAGTGTTCTGATCATGTAGGATGCAAGCCGATGCTCCAGAGTAAACTCAGCCTTCTCTGCTGTACTTCATGCTGTACGAAGCTAGTCAGGTTCGTCTGTGTGCTGTGTGCGCTTGTTGCATACAGCTGCACAACTTGATGATAGTTTTGCTTGGTAAGGAAGGTGGCTGTTTTCTCTCATCCCTGTAAGGGGTTGGGTGTTGAACAGTGCTTATAGCCATGCCTCGTAGCAGCTGTCTAGACGAACGAGGCAAAATGGCACCTGTTATCTGGTGTCCTTGATTCGATCCGATTCATGGCAACATGGGTCTGCCGTGCAATTGTGGCCACCTCGTGTGTACCTTGATCTTACCTCGTAGAGGGAAGTTGAGCCATGTGGGTGTCTCCACGATTGTGTTGAGCTGGTGATCGATGTGTGACTGGTTTGATATTGTGGCAAGCCTGTTCGACC
Sympagella_nux_SH20001_Ribo_Repeat,AAACGAACAGTCTGACCGTTGCGTCGGCACGATTCAGGCAAGTTGTGTGTTAGTTGAGTCTGGTGGCTGTTGGCTGGTCTGAGTGTTCTGATCATGTAGGATGCAGGCTGATGCCTCAGAGTAAACTCGACCAACTCTGCTGTATTTCATGCTGTACGAAGCTAGTCATGCTCGTCTGTGTCCTGTGCTCAACCMTGGGTACAGGCATTGAGGAGAGTTGCCTGGGTGAGGAAGGTGACTGTCTCTGCTCGGGTCTCTCGGGGCCTGTGGTACGAGACAGTGTTTATAGCCACGCCCGTACAGGCAGTTGTCTAGACGAGTGAGGCAACATGGCACCTCATGTGGTGTTCTTAATTCGATCAGATTCATTTGCGTGGGTCTGCCTCGCAATTGTGTCCACGCTGTGCTGTTTGGTGTGGCCTCGTAAGAGGTGCACTGAGGCATGTGGGTGATTGCACGGTTGTGCTGAGCTGGTGATCGATGTGTGACTGGTTCTATTGTGTGGTAAGCCTGTTCGACC
